[{"model": "admin.logentry", "pk": 1, "fields": {"action_time": "2021-10-07T20:42:02.433", "user": 1, "content_type": 7, "object_id": "1", "object_repr": "Technoloji", "action_flag": 1, "change_message": "[{\"added\": {}}]"}}, {"model": "admin.logentry", "pk": 2, "fields": {"action_time": "2021-10-07T20:42:22.620", "user": 1, "content_type": 7, "object_id": "2", "object_repr": "Smartphone", "action_flag": 1, "change_message": "[{\"added\": {}}]"}}, {"model": "admin.logentry", "pk": 3, "fields": {"action_time": "2021-10-07T20:43:07.755", "user": 1, "content_type": 7, "object_id": "3", "object_repr": "Cars", "action_flag": 1, "change_message": "[{\"added\": {}}]"}}, {"model": "admin.logentry", "pk": 4, "fields": {"action_time": "2021-10-07T20:43:40.874", "user": 1, "content_type": 7, "object_id": "4", "object_repr": "Mercedes Benz", "action_flag": 1, "change_message": "[{\"added\": {}}]"}}, {"model": "admin.logentry", "pk": 5, "fields": {"action_time": "2021-10-07T21:06:19.470", "user": 1, "content_type": 8, "object_id": "1", "object_repr": "Image object (1)", "action_flag": 1, "change_message": "[{\"added\": {}}]"}}, {"model": "admin.logentry", "pk": 6, "fields": {"action_time": "2021-10-07T21:06:35.135", "user": 1, "content_type": 10, "object_id": "1", "object_repr": "ProductImage object (1)", "action_flag": 1, "change_message": "[{\"added\": {}}]"}}, {"model": "admin.logentry", "pk": 7, "fields": {"action_time": "2021-10-07T21:30:08.066", "user": 1, "content_type": 8, "object_id": "2", "object_repr": "Image object (2)", "action_flag": 1, "change_message": "[{\"added\": {}}]"}}, {"model": "admin.logentry", "pk": 8, "fields": {"action_time": "2021-10-07T21:30:27.322", "user": 1, "content_type": 10, "object_id": "2", "object_repr": "ProductImage object (2)", "action_flag": 1, "change_message": "[{\"added\": {}}]"}}, {"model": "admin.logentry", "pk": 9, "fields": {"action_time": "2021-10-08T17:04:07.495", "user": 1, "content_type": 8, "object_id": "3", "object_repr": "Image object (3)", "action_flag": 1, "change_message": "[{\"added\": {}}]"}}, {"model": "admin.logentry", "pk": 10, "fields": {"action_time": "2021-10-08T17:04:21.731", "user": 1, "content_type": 10, "object_id": "3", "object_repr": "ProductImage object (3)", "action_flag": 1, "change_message": "[{\"added\": {}}]"}}, {"model": "admin.logentry", "pk": 11, "fields": {"action_time": "2021-10-08T17:18:27.113", "user": 1, "content_type": 8, "object_id": "4", "object_repr": "Image object (4)", "action_flag": 1, "change_message": "[{\"added\": {}}]"}}, {"model": "admin.logentry", "pk": 12, "fields": {"action_time": "2021-10-08T17:18:48.069", "user": 1, "content_type": 7, "object_id": "5", "object_repr": "BMW", "action_flag": 1, "change_message": "[{\"added\": {}}]"}}, {"model": "admin.logentry", "pk": 13, "fields": {"action_time": "2021-10-08T17:19:01.545", "user": 1, "content_type": 9, "object_id": "4", "object_repr": "BMW M4", "action_flag": 2, "change_message": "[{\"changed\": {\"fields\": [\"Category\"]}}]"}}, {"model": "admin.logentry", "pk": 14, "fields": {"action_time": "2021-10-08T17:19:13.218", "user": 1, "content_type": 10, "object_id": "4", "object_repr": "ProductImage object (4)", "action_flag": 1, "change_message": "[{\"added\": {}}]"}}, {"model": "admin.logentry", "pk": 15, "fields": {"action_time": "2021-10-08T17:20:16.664", "user": 1, "content_type": 8, "object_id": "4", "object_repr": "Image object (4)", "action_flag": 2, "change_message": "[{\"changed\": {\"fields\": [\"Image\"]}}]"}}, {"model": "admin.logentry", "pk": 16, "fields": {"action_time": "2021-10-08T17:20:24.702", "user": 1, "content_type": 10, "object_id": "4", "object_repr": "ProductImage object (4)", "action_flag": 2, "change_message": "[]"}}, {"model": "admin.logentry", "pk": 17, "fields": {"action_time": "2021-10-08T17:21:21.074", "user": 1, "content_type": 8, "object_id": "5", "object_repr": "Image object (5)", "action_flag": 1, "change_message": "[{\"added\": {}}]"}}, {"model": "admin.logentry", "pk": 18, "fields": {"action_time": "2021-10-08T17:21:32.965", "user": 1, "content_type": 8, "object_id": "4", "object_repr": "Image object (4)", "action_flag": 3, "change_message": ""}}, {"model": "admin.logentry", "pk": 19, "fields": {"action_time": "2021-10-08T17:22:03.086", "user": 1, "content_type": 10, "object_id": "5", "object_repr": "ProductImage object (5)", "action_flag": 1, "change_message": "[{\"added\": {}}]"}}, {"model": "admin.logentry", "pk": 20, "fields": {"action_time": "2021-10-08T17:23:27.179", "user": 1, "content_type": 8, "object_id": "5", "object_repr": "Image object (5)", "action_flag": 2, "change_message": "[{\"changed\": {\"fields\": [\"Image\"]}}]"}}, {"model": "admin.logentry", "pk": 21, "fields": {"action_time": "2021-10-08T17:23:35.277", "user": 1, "content_type": 10, "object_id": "5", "object_repr": "ProductImage object (5)", "action_flag": 2, "change_message": "[]"}}, {"model": "admin.logentry", "pk": 22, "fields": {"action_time": "2021-10-08T17:25:41.735", "user": 1, "content_type": 8, "object_id": "5", "object_repr": "Image object (5)", "action_flag": 2, "change_message": "[{\"changed\": {\"fields\": [\"Image\"]}}]"}}, {"model": "admin.logentry", "pk": 23, "fields": {"action_time": "2021-10-08T17:28:14.322", "user": 1, "content_type": 8, "object_id": "5", "object_repr": "Image object (5)", "action_flag": 2, "change_message": "[{\"changed\": {\"fields\": [\"Image\"]}}]"}}, {"model": "admin.logentry", "pk": 24, "fields": {"action_time": "2021-10-08T21:29:42.736", "user": 1, "content_type": 9, "object_id": "4", "object_repr": "BMW M4", "action_flag": 2, "change_message": "[{\"changed\": {\"fields\": [\"Category\"]}}]"}}, {"model": "admin.logentry", "pk": 25, "fields": {"action_time": "2021-10-08T21:29:55.078", "user": 1, "content_type": 9, "object_id": "3", "object_repr": "Mercedes E200 W211", "action_flag": 2, "change_message": "[{\"changed\": {\"fields\": [\"Category\"]}}]"}}, {"model": "admin.logentry", "pk": 26, "fields": {"action_time": "2021-10-08T21:30:42.945", "user": 1, "content_type": 7, "object_id": "5", "object_repr": "BMW", "action_flag": 3, "change_message": ""}}, {"model": "admin.logentry", "pk": 27, "fields": {"action_time": "2021-10-08T21:30:46.816", "user": 1, "content_type": 7, "object_id": "4", "object_repr": "Mercedes Benz", "action_flag": 3, "change_message": ""}}, {"model": "admin.logentry", "pk": 28, "fields": {"action_time": "2021-10-08T21:57:08.427", "user": 1, "content_type": 8, "object_id": "2", "object_repr": "Image object (2)", "action_flag": 2, "change_message": "[{\"changed\": {\"fields\": [\"Image\"]}}]"}}, {"model": "admin.logentry", "pk": 29, "fields": {"action_time": "2021-10-08T21:58:00.936", "user": 1, "content_type": 8, "object_id": "2", "object_repr": "Image object (2)", "action_flag": 2, "change_message": "[{\"changed\": {\"fields\": [\"Image\"]}}]"}}, {"model": "admin.logentry", "pk": 30, "fields": {"action_time": "2021-10-08T22:04:25.956", "user": 1, "content_type": 9, "object_id": "2", "object_repr": "Redmi Note 10", "action_flag": 2, "change_message": "[{\"changed\": {\"fields\": [\"Decription\"]}}]"}}, {"model": "admin.logentry", "pk": 31, "fields": {"action_time": "2021-10-08T22:04:55.797", "user": 1, "content_type": 9, "object_id": "2", "object_repr": "Redmi Note 10", "action_flag": 2, "change_message": "[]"}}, {"model": "admin.logentry", "pk": 32, "fields": {"action_time": "2021-10-08T22:05:44.960", "user": 1, "content_type": 9, "object_id": "2", "object_repr": "Redmi Note 10", "action_flag": 2, "change_message": "[{\"changed\": {\"fields\": [\"Decription\"]}}]"}}, {"model": "admin.logentry", "pk": 33, "fields": {"action_time": "2021-10-08T22:07:16.910", "user": 1, "content_type": 8, "object_id": "1", "object_repr": "Image object (1)", "action_flag": 2, "change_message": "[{\"changed\": {\"fields\": [\"Image\"]}}]"}}, {"model": "admin.logentry", "pk": 34, "fields": {"action_time": "2021-10-10T00:18:36.823", "user": 1, "content_type": 9, "object_id": "4", "object_repr": "BMW M4", "action_flag": 2, "change_message": "[{\"changed\": {\"fields\": [\"Decription\"]}}]"}}, {"model": "admin.logentry", "pk": 35, "fields": {"action_time": "2021-10-10T00:19:04.347", "user": 1, "content_type": 9, "object_id": "4", "object_repr": "BMW M4", "action_flag": 2, "change_message": "[{\"changed\": {\"fields\": [\"Decription\"]}}]"}}, {"model": "admin.logentry", "pk": 36, "fields": {"action_time": "2021-10-11T01:43:21.655", "user": 1, "content_type": 8, "object_id": "6", "object_repr": "Image object (6)", "action_flag": 1, "change_message": "[{\"added\": {}}]"}}, {"model": "admin.logentry", "pk": 37, "fields": {"action_time": "2021-10-11T01:52:02.291", "user": 1, "content_type": 9, "object_id": "5", "object_repr": "Toyota Land Cruiser 300", "action_flag": 1, "change_message": "[{\"added\": {}}]"}}, {"model": "admin.logentry", "pk": 38, "fields": {"action_time": "2021-10-11T01:53:44.279", "user": 1, "content_type": 10, "object_id": "6", "object_repr": "ProductImage object (6)", "action_flag": 1, "change_message": "[{\"added\": {}}]"}}, {"model": "admin.logentry", "pk": 39, "fields": {"action_time": "2021-10-11T02:07:34.122", "user": 1, "content_type": 9, "object_id": "6", "object_repr": "Toyota Corolla", "action_flag": 1, "change_message": "[{\"added\": {}}]"}}, {"model": "admin.logentry", "pk": 40, "fields": {"action_time": "2021-10-11T02:07:49.243", "user": 1, "content_type": 8, "object_id": "7", "object_repr": "Image object (7)", "action_flag": 1, "change_message": "[{\"added\": {}}]"}}, {"model": "admin.logentry", "pk": 41, "fields": {"action_time": "2021-10-11T02:07:59.928", "user": 1, "content_type": 10, "object_id": "7", "object_repr": "ProductImage object (7)", "action_flag": 1, "change_message": "[{\"added\": {}}]"}}, {"model": "admin.logentry", "pk": 42, "fields": {"action_time": "2021-10-11T02:09:02.979", "user": 1, "content_type": 9, "object_id": "6", "object_repr": "Toyota Corolla", "action_flag": 2, "change_message": "[{\"changed\": {\"fields\": [\"Decription\"]}}]"}}, {"model": "admin.logentry", "pk": 43, "fields": {"action_time": "2021-10-11T02:09:39.897", "user": 1, "content_type": 9, "object_id": "6", "object_repr": "Toyota Corolla 2018", "action_flag": 2, "change_message": "[{\"changed\": {\"fields\": [\"Title\", \"Decription\"]}}]"}}, {"model": "admin.logentry", "pk": 44, "fields": {"action_time": "2021-10-11T02:36:25.175", "user": 1, "content_type": 9, "object_id": "8", "object_repr": "Mercedes C63 AMG", "action_flag": 3, "change_message": ""}}, {"model": "admin.logentry", "pk": 45, "fields": {"action_time": "2021-10-11T02:36:47.352", "user": 1, "content_type": 8, "object_id": "8", "object_repr": "Image object (8)", "action_flag": 1, "change_message": "[{\"added\": {}}]"}}, {"model": "admin.logentry", "pk": 46, "fields": {"action_time": "2021-10-11T02:36:58.006", "user": 1, "content_type": 10, "object_id": "8", "object_repr": "ProductImage object (8)", "action_flag": 1, "change_message": "[{\"added\": {}}]"}}, {"model": "admin.logentry", "pk": 47, "fields": {"action_time": "2021-10-11T02:39:05.828", "user": 1, "content_type": 8, "object_id": "8", "object_repr": "Image object (8)", "action_flag": 2, "change_message": "[{\"changed\": {\"fields\": [\"Image\"]}}]"}}, {"model": "admin.logentry", "pk": 48, "fields": {"action_time": "2021-10-11T02:53:53.981", "user": 1, "content_type": 8, "object_id": "9", "object_repr": "Image object (9)", "action_flag": 1, "change_message": "[{\"added\": {}}]"}}, {"model": "admin.logentry", "pk": 49, "fields": {"action_time": "2021-10-11T02:54:03.374", "user": 1, "content_type": 10, "object_id": "9", "object_repr": "ProductImage object (9)", "action_flag": 1, "change_message": "[{\"added\": {}}]"}}, {"model": "admin.logentry", "pk": 50, "fields": {"action_time": "2021-10-11T02:54:32.022", "user": 1, "content_type": 8, "object_id": "10", "object_repr": "Image object (10)", "action_flag": 1, "change_message": "[{\"added\": {}}]"}}, {"model": "admin.logentry", "pk": 51, "fields": {"action_time": "2021-10-11T02:54:43.062", "user": 1, "content_type": 10, "object_id": "10", "object_repr": "ProductImage object (10)", "action_flag": 1, "change_message": "[{\"added\": {}}]"}}, {"model": "admin.logentry", "pk": 52, "fields": {"action_time": "2021-10-11T03:07:41.425", "user": 1, "content_type": 7, "object_id": "6", "object_repr": "Trainers", "action_flag": 1, "change_message": "[{\"added\": {}}]"}}, {"model": "admin.logentry", "pk": 53, "fields": {"action_time": "2021-10-11T03:16:17.083", "user": 1, "content_type": 8, "object_id": "11", "object_repr": "Image object (11)", "action_flag": 1, "change_message": "[{\"added\": {}}]"}}, {"model": "admin.logentry", "pk": 54, "fields": {"action_time": "2021-10-11T03:16:25.131", "user": 1, "content_type": 10, "object_id": "11", "object_repr": "ProductImage object (11)", "action_flag": 1, "change_message": "[{\"added\": {}}]"}}, {"model": "admin.logentry", "pk": 55, "fields": {"action_time": "2021-10-11T03:26:49.857", "user": 1, "content_type": 8, "object_id": "12", "object_repr": "Image object (12)", "action_flag": 1, "change_message": "[{\"added\": {}}]"}}, {"model": "admin.logentry", "pk": 56, "fields": {"action_time": "2021-10-11T03:26:59.660", "user": 1, "content_type": 10, "object_id": "12", "object_repr": "ProductImage object (12)", "action_flag": 1, "change_message": "[{\"added\": {}}]"}}, {"model": "admin.logentry", "pk": 57, "fields": {"action_time": "2021-10-11T03:36:07.332", "user": 1, "content_type": 8, "object_id": "13", "object_repr": "Image object (13)", "action_flag": 1, "change_message": "[{\"added\": {}}]"}}, {"model": "admin.logentry", "pk": 58, "fields": {"action_time": "2021-10-11T03:36:14.934", "user": 1, "content_type": 10, "object_id": "13", "object_repr": "ProductImage object (13)", "action_flag": 1, "change_message": "[{\"added\": {}}]"}}, {"model": "admin.logentry", "pk": 59, "fields": {"action_time": "2021-10-11T03:54:09.255", "user": 1, "content_type": 7, "object_id": "7", "object_repr": "Notebook", "action_flag": 1, "change_message": "[{\"added\": {}}]"}}, {"model": "admin.logentry", "pk": 60, "fields": {"action_time": "2021-10-11T03:54:15.766", "user": 1, "content_type": 7, "object_id": "7", "object_repr": "Notebook", "action_flag": 2, "change_message": "[{\"changed\": {\"fields\": [\"Parent\"]}}]"}}, {"model": "admin.logentry", "pk": 61, "fields": {"action_time": "2021-10-11T03:58:19.954", "user": 1, "content_type": 8, "object_id": "14", "object_repr": "Image object (14)", "action_flag": 1, "change_message": "[{\"added\": {}}]"}}, {"model": "admin.logentry", "pk": 62, "fields": {"action_time": "2021-10-11T03:58:27.775", "user": 1, "content_type": 10, "object_id": "14", "object_repr": "ProductImage object (14)", "action_flag": 1, "change_message": "[{\"added\": {}}]"}}, {"model": "admin.logentry", "pk": 63, "fields": {"action_time": "2021-10-11T04:04:18.935", "user": 1, "content_type": 8, "object_id": "15", "object_repr": "Image object (15)", "action_flag": 1, "change_message": "[{\"added\": {}}]"}}, {"model": "admin.logentry", "pk": 64, "fields": {"action_time": "2021-10-11T04:06:49.997", "user": 1, "content_type": 10, "object_id": "15", "object_repr": "ProductImage object (15)", "action_flag": 1, "change_message": "[{\"added\": {}}]"}}, {"model": "admin.logentry", "pk": 65, "fields": {"action_time": "2021-10-11T06:20:51.905", "user": 1, "content_type": 9, "object_id": "7", "object_repr": "Mercedes C63 AMG", "action_flag": 2, "change_message": "[{\"changed\": {\"fields\": [\"Decription\"]}}]"}}, {"model": "admin.logentry", "pk": 66, "fields": {"action_time": "2021-10-11T18:31:44.004", "user": 1, "content_type": 8, "object_id": "10", "object_repr": "Image object (10)", "action_flag": 3, "change_message": ""}}, {"model": "admin.logentry", "pk": 67, "fields": {"action_time": "2021-10-11T18:33:38.917", "user": 1, "content_type": 8, "object_id": "16", "object_repr": "Image object (16)", "action_flag": 1, "change_message": "[{\"added\": {}}]"}}, {"model": "admin.logentry", "pk": 68, "fields": {"action_time": "2021-10-11T18:33:55.866", "user": 1, "content_type": 10, "object_id": "16", "object_repr": "ProductImage object (16)", "action_flag": 1, "change_message": "[{\"added\": {}}]"}}, {"model": "admin.logentry", "pk": 69, "fields": {"action_time": "2021-10-11T21:57:46.005", "user": 1, "content_type": 8, "object_id": "17", "object_repr": "Image object (17)", "action_flag": 1, "change_message": "[{\"added\": {}}]"}}, {"model": "admin.logentry", "pk": 70, "fields": {"action_time": "2021-10-11T21:58:01.887", "user": 1, "content_type": 10, "object_id": "17", "object_repr": "ProductImage object (17)", "action_flag": 1, "change_message": "[{\"added\": {}}]"}}, {"model": "auth.permission", "pk": 1, "fields": {"name": "Can add log entry", "content_type": 1, "codename": "add_logentry"}}, {"model": "auth.permission", "pk": 2, "fields": {"name": "Can change log entry", "content_type": 1, "codename": "change_logentry"}}, {"model": "auth.permission", "pk": 3, "fields": {"name": "Can delete log entry", "content_type": 1, "codename": "delete_logentry"}}, {"model": "auth.permission", "pk": 4, "fields": {"name": "Can view log entry", "content_type": 1, "codename": "view_logentry"}}, {"model": "auth.permission", "pk": 5, "fields": {"name": "Can add permission", "content_type": 2, "codename": "add_permission"}}, {"model": "auth.permission", "pk": 6, "fields": {"name": "Can change permission", "content_type": 2, "codename": "change_permission"}}, {"model": "auth.permission", "pk": 7, "fields": {"name": "Can delete permission", "content_type": 2, "codename": "delete_permission"}}, {"model": "auth.permission", "pk": 8, "fields": {"name": "Can view permission", "content_type": 2, "codename": "view_permission"}}, {"model": "auth.permission", "pk": 9, "fields": {"name": "Can add group", "content_type": 3, "codename": "add_group"}}, {"model": "auth.permission", "pk": 10, "fields": {"name": "Can change group", "content_type": 3, "codename": "change_group"}}, {"model": "auth.permission", "pk": 11, "fields": {"name": "Can delete group", "content_type": 3, "codename": "delete_group"}}, {"model": "auth.permission", "pk": 12, "fields": {"name": "Can view group", "content_type": 3, "codename": "view_group"}}, {"model": "auth.permission", "pk": 13, "fields": {"name": "Can add user", "content_type": 4, "codename": "add_user"}}, {"model": "auth.permission", "pk": 14, "fields": {"name": "Can change user", "content_type": 4, "codename": "change_user"}}, {"model": "auth.permission", "pk": 15, "fields": {"name": "Can delete user", "content_type": 4, "codename": "delete_user"}}, {"model": "auth.permission", "pk": 16, "fields": {"name": "Can view user", "content_type": 4, "codename": "view_user"}}, {"model": "auth.permission", "pk": 17, "fields": {"name": "Can add content type", "content_type": 5, "codename": "add_contenttype"}}, {"model": "auth.permission", "pk": 18, "fields": {"name": "Can change content type", "content_type": 5, "codename": "change_contenttype"}}, {"model": "auth.permission", "pk": 19, "fields": {"name": "Can delete content type", "content_type": 5, "codename": "delete_contenttype"}}, {"model": "auth.permission", "pk": 20, "fields": {"name": "Can view content type", "content_type": 5, "codename": "view_contenttype"}}, {"model": "auth.permission", "pk": 21, "fields": {"name": "Can add session", "content_type": 6, "codename": "add_session"}}, {"model": "auth.permission", "pk": 22, "fields": {"name": "Can change session", "content_type": 6, "codename": "change_session"}}, {"model": "auth.permission", "pk": 23, "fields": {"name": "Can delete session", "content_type": 6, "codename": "delete_session"}}, {"model": "auth.permission", "pk": 24, "fields": {"name": "Can view session", "content_type": 6, "codename": "view_session"}}, {"model": "auth.permission", "pk": 25, "fields": {"name": "Can add category", "content_type": 7, "codename": "add_category"}}, {"model": "auth.permission", "pk": 26, "fields": {"name": "Can change category", "content_type": 7, "codename": "change_category"}}, {"model": "auth.permission", "pk": 27, "fields": {"name": "Can delete category", "content_type": 7, "codename": "delete_category"}}, {"model": "auth.permission", "pk": 28, "fields": {"name": "Can view category", "content_type": 7, "codename": "view_category"}}, {"model": "auth.permission", "pk": 29, "fields": {"name": "Can add image", "content_type": 8, "codename": "add_image"}}, {"model": "auth.permission", "pk": 30, "fields": {"name": "Can change image", "content_type": 8, "codename": "change_image"}}, {"model": "auth.permission", "pk": 31, "fields": {"name": "Can delete image", "content_type": 8, "codename": "delete_image"}}, {"model": "auth.permission", "pk": 32, "fields": {"name": "Can view image", "content_type": 8, "codename": "view_image"}}, {"model": "auth.permission", "pk": 33, "fields": {"name": "Can add product", "content_type": 9, "codename": "add_product"}}, {"model": "auth.permission", "pk": 34, "fields": {"name": "Can change product", "content_type": 9, "codename": "change_product"}}, {"model": "auth.permission", "pk": 35, "fields": {"name": "Can delete product", "content_type": 9, "codename": "delete_product"}}, {"model": "auth.permission", "pk": 36, "fields": {"name": "Can view product", "content_type": 9, "codename": "view_product"}}, {"model": "auth.permission", "pk": 37, "fields": {"name": "Can add product image", "content_type": 10, "codename": "add_productimage"}}, {"model": "auth.permission", "pk": 38, "fields": {"name": "Can change product image", "content_type": 10, "codename": "change_productimage"}}, {"model": "auth.permission", "pk": 39, "fields": {"name": "Can delete product image", "content_type": 10, "codename": "delete_productimage"}}, {"model": "auth.permission", "pk": 40, "fields": {"name": "Can view product image", "content_type": 10, "codename": "view_productimage"}}, {"model": "auth.permission", "pk": 41, "fields": {"name": "Can add blog", "content_type": 11, "codename": "add_blog"}}, {"model": "auth.permission", "pk": 42, "fields": {"name": "Can change blog", "content_type": 11, "codename": "change_blog"}}, {"model": "auth.permission", "pk": 43, "fields": {"name": "Can delete blog", "content_type": 11, "codename": "delete_blog"}}, {"model": "auth.permission", "pk": 44, "fields": {"name": "Can view blog", "content_type": 11, "codename": "view_blog"}}, {"model": "auth.permission", "pk": 45, "fields": {"name": "Can add comments", "content_type": 12, "codename": "add_comments"}}, {"model": "auth.permission", "pk": 46, "fields": {"name": "Can change comments", "content_type": 12, "codename": "change_comments"}}, {"model": "auth.permission", "pk": 47, "fields": {"name": "Can delete comments", "content_type": 12, "codename": "delete_comments"}}, {"model": "auth.permission", "pk": 48, "fields": {"name": "Can view comments", "content_type": 12, "codename": "view_comments"}}, {"model": "auth.permission", "pk": 49, "fields": {"name": "Can add region", "content_type": 13, "codename": "add_region"}}, {"model": "auth.permission", "pk": 50, "fields": {"name": "Can change region", "content_type": 13, "codename": "change_region"}}, {"model": "auth.permission", "pk": 51, "fields": {"name": "Can delete region", "content_type": 13, "codename": "delete_region"}}, {"model": "auth.permission", "pk": 52, "fields": {"name": "Can view region", "content_type": 13, "codename": "view_region"}}, {"model": "auth.permission", "pk": 53, "fields": {"name": "Can add district", "content_type": 14, "codename": "add_district"}}, {"model": "auth.permission", "pk": 54, "fields": {"name": "Can change district", "content_type": 14, "codename": "change_district"}}, {"model": "auth.permission", "pk": 55, "fields": {"name": "Can delete district", "content_type": 14, "codename": "delete_district"}}, {"model": "auth.permission", "pk": 56, "fields": {"name": "Can view district", "content_type": 14, "codename": "view_district"}}, {"model": "auth.user", "pk": 1, "fields": {"password": "pbkdf2_sha256$260000$TzGI1WkR5XmdWW2ZPRwBkx$G4zLXbmMdYz1Hbxj4FzoBFe/Uc5f201rhlNP2zlnUyk=", "last_login": "2021-10-11T21:57:29.460", "is_superuser": true, "username": "admin", "first_name": "", "last_name": "", "email": "admin@nexus.uz", "is_staff": true, "is_active": true, "date_joined": "2021-10-07T20:40:51.257", "groups": [], "user_permissions": []}}, {"model": "auth.user", "pk": 2, "fields": {"password": "pbkdf2_sha256$260000$A5YpGdk6XvHmMyRAIbUyzV$PCF1TqYLbEhUhVcFHlRLZLWvcArc5YDp0syBwy8jhZc=", "last_login": "2021-10-11T18:36:44.491", "is_superuser": false, "username": "AliBrat", "first_name": "Ali", "last_name": "Brat", "email": "ali55@brat.com", "is_staff": false, "is_active": true, "date_joined": "2021-10-11T18:36:44.339", "groups": [], "user_permissions": []}}, {"model": "contenttypes.contenttype", "pk": 1, "fields": {"app_label": "admin", "model": "logentry"}}, {"model": "contenttypes.contenttype", "pk": 2, "fields": {"app_label": "auth", "model": "permission"}}, {"model": "contenttypes.contenttype", "pk": 3, "fields": {"app_label": "auth", "model": "group"}}, {"model": "contenttypes.contenttype", "pk": 4, "fields": {"app_label": "auth", "model": "user"}}, {"model": "contenttypes.contenttype", "pk": 5, "fields": {"app_label": "contenttypes", "model": "contenttype"}}, {"model": "contenttypes.contenttype", "pk": 6, "fields": {"app_label": "sessions", "model": "session"}}, {"model": "contenttypes.contenttype", "pk": 7, "fields": {"app_label": "ad", "model": "category"}}, {"model": "contenttypes.contenttype", "pk": 8, "fields": {"app_label": "ad", "model": "image"}}, {"model": "contenttypes.contenttype", "pk": 9, "fields": {"app_label": "ad", "model": "product"}}, {"model": "contenttypes.contenttype", "pk": 10, "fields": {"app_label": "ad", "model": "productimage"}}, {"model": "contenttypes.contenttype", "pk": 11, "fields": {"app_label": "blog", "model": "blog"}}, {"model": "contenttypes.contenttype", "pk": 12, "fields": {"app_label": "blog", "model": "comments"}}, {"model": "contenttypes.contenttype", "pk": 13, "fields": {"app_label": "geo", "model": "region"}}, {"model": "contenttypes.contenttype", "pk": 14, "fields": {"app_label": "geo", "model": "district"}}, {"model": "sessions.session", "pk": "mgq9feyf31npqh5ix00li86sxsf46kcg", "fields": {"session_data": ".eJxVjDsOwjAQBe_iGlle_A0lfc5g7dprHECOFCcV4u4QKQW0b2beS0Tc1hq3zkucsrgIEKffjTA9uO0g37HdZpnmti4TyV2RB-1ynDM_r4f7d1Cx12_NHomCyl4B8LnAAByMNh5IJ59dscpYDcoRM6Ej65IurErgbJMdIIj3B-G-N_s:1mZycD:Zzlfq656FlRQ3xn_wQU0gYZJHOJ9lqRVIXh5AHpnPkM", "expire_date": "2021-10-25T21:57:29.462"}}, {"model": "ad.category", "pk": 1, "fields": {"name": "Technoloji", "parent": null, "slug": "technoloji"}}, {"model": "ad.category", "pk": 2, "fields": {"name": "Smartphone", "parent": 1, "slug": "smartphone"}}, {"model": "ad.category", "pk": 3, "fields": {"name": "Cars", "parent": null, "slug": "cars"}}, {"model": "ad.category", "pk": 6, "fields": {"name": "Trainers", "parent": null, "slug": "trainers"}}, {"model": "ad.category", "pk": 7, "fields": {"name": "Notebook", "parent": 1, "slug": "notebook"}}, {"model": "ad.image", "pk": 1, "fields": {"image": "static/img/Gear-Review-Apple_iPhone-13-Pro_Colors_09142021.webp"}}, {"model": "ad.image", "pk": 2, "fields": {"image": "static/img/upcoming-Xiaomi_large.png"}}, {"model": "ad.image", "pk": 3, "fields": {"image": "static/img/auto_main.jpg"}}, {"model": "ad.image", "pk": 5, "fields": {"image": "static/img/bmw-m4-coupe-yas-marina-blue-nick.f82m-ai-04.jpg"}}, {"model": "ad.image", "pk": 6, "fields": {"image": "static/img/2022-toyota-land-cruiser.jpg"}}, {"model": "ad.image", "pk": 7, "fields": {"image": "static/img/toyota-corolla-gr-sport.jpg"}}, {"model": "ad.image", "pk": 8, "fields": {"image": "static/img/carpixel.net-2012-mercedes-benz-c-63-amg-coupe-black-series-aerodynamics-pack_SKDlBR6.jpg"}}, {"model": "ad.image", "pk": 9, "fields": {"image": "static/img/2012_mercedes-benz_c63_amg_coupe_23_1600x1200.jpg"}}, {"model": "ad.image", "pk": 11, "fields": {"image": "static/img/air-jordan-1-ko-ajko-white-black-red-chicago-DA9089-100-3.jpg"}}, {"model": "ad.image", "pk": 12, "fields": {"image": "static/img/shnyp4fuu8b9xwvsznul.jpg"}}, {"model": "ad.image", "pk": 13, "fields": {"image": "static/img/GEL-KAYANO-25.png"}}, {"model": "ad.image", "pk": 14, "fields": {"image": "static/img/Apple-MacBook-Air-Pro-M1-8-GB-16-GB-8.jpg"}}, {"model": "ad.image", "pk": 15, "fields": {"image": "static/img/macbook-air-2020-review-iphonesru-2.jpg"}}, {"model": "ad.image", "pk": 16, "fields": {"image": "static/img/2012_mercedes-benz_c63_amg_coupe_black_series_13_1920x1080.jpg"}}, {"model": "ad.image", "pk": 17, "fields": {"image": "static/img/ead932800981c8cc570c430bbd5b0a616964e196.png"}}, {"model": "ad.product", "pk": 1, "fields": {"title": "Iphone 13", "slug": "iphone-13", "category": 2, "price": 1300, "decription": "This is new iphone 13.You could buy it from us.", "phone_number": "998940147088", "location": {"region": "TOSHKENT SHAHRI", "district": "Mirzo Ulug‘bek tumani"}, "created_date": "2021-10-07T21:04:51.220", "user": 1}}, {"model": "ad.product", "pk": 2, "fields": {"title": "Redmi Note 10", "slug": "redmi-note-10", "category": 2, "price": 700, "decription": "<h4>Penta camera with 108MP main camera</h4>\r\n\r\n<h4>6.47&quot; 3D curvedAMOLED display</h4>\r\n\r\n<h4>5260mAh (typ) high-capacity battery</h4>\r\n\r\n<h4>In-box 30W fast charge</h4>", "phone_number": "+998902514509", "location": {"region": "TOSHKENT SHAHRI", "district": "Bektemir tumani"}, "created_date": "2021-10-07T21:28:32.278", "user": 1}}, {"model": "ad.product", "pk": 3, "fields": {"title": "Mercedes E200 W211", "slug": "mercedes-e200-w211", "category": 3, "price": 18000, "decription": "<p>W 211</p>\r\n\r\n<p>2003 year model</p>\r\n\r\n<p>150 hp</p>\r\n\r\n<p>10-7 lt&nbsp;fuel consumption</p>\r\n\r\n<p>200000 km&nbsp;mileage</p>", "phone_number": "+998940147088", "location": {"region": "TOSHKENT SHAHRI", "district": "Mirzo Ulug‘bek tumani"}, "created_date": "2021-10-08T17:03:08.068", "user": 1}}, {"model": "ad.product", "pk": 4, "fields": {"title": "BMW M4", "slug": "bmw-m4", "category": 3, "price": 70000, "decription": "<h5>BMW M4&nbsp;<br />\r\n500 hp</h5>\r\n\r\n<h5>2012 year</h5>\r\n\r\n<h5>88000 km&nbsp;mileage</h5>", "phone_number": "+998902514509", "location": {"region": "TOSHKENT SHAHRI", "district": "Toshkent tumani"}, "created_date": "2021-10-08T17:18:11.564", "user": 1}}, {"model": "ad.product", "pk": 5, "fields": {"title": "Toyota Land Cruiser 300", "slug": "toyota-land-cruiser-300", "category": 3, "price": 100000, "decription": "<p>2021 year</p>\r\n\r\n<p>max speed 210 km/h</p>\r\n\r\n<p>weight 2485 kg</p>\r\n\r\n<p>engine volume 3.5 lt&nbsp;</p>\r\n\r\n<p>415 hp&nbsp;</p>", "phone_number": "+998 90 89067", "location": {"region": "", "district": ""}, "created_date": "2021-10-11T01:52:02.284", "user": 1}}, {"model": "ad.product", "pk": 6, "fields": {"title": "Toyota Corolla 2018", "slug": "toyota-corolla", "category": 3, "price": 25000, "decription": "<p>max speed 210 km/h</p>\r\n\r\n<p>engine volume 1.6 lt&nbsp;</p>\r\n\r\n<p>130 hp&nbsp;</p>\r\n\r\n<p>fuel consumption 8 - 6 lt</p>", "phone_number": "+998940147088", "location": {"region": "Tashkent", "district": "Amir Timur"}, "created_date": "2021-10-11T02:07:34.121", "user": 1}}, {"model": "ad.product", "pk": 7, "fields": {"title": "Mercedes C63 AMG", "slug": "mercedes-c63-amg", "category": 3, "price": 35000, "decription": "<p>2012 year</p>\r\n\r\n<p>max speed 320&nbsp;km/h</p>\r\n\r\n<p>weight 170 kg</p>\r\n\r\n<p>engine volume 6.3 lt&nbsp;</p>\r\n\r\n<p>600 hp&nbsp;</p>\r\n\r\n<p>acceleration to 100km/h: 3 sec</p>", "phone_number": "+998940147088", "location": {"region": "TOSHKENT SHAHRI", "district": "Yashnobod tumani"}, "created_date": "2021-10-11T02:34:40.056", "user": 1}}, {"model": "ad.product", "pk": 9, "fields": {"title": "Nike Air Jordan", "slug": "nike-air-jordan", "category": 6, "price": 200, "decription": "<p>This is legendary bassketball trainers</p>\r\n\r\n<p>wich was worn by Micael Jordan</p>", "phone_number": "+998 90 89067", "location": {"region": "TOSHKENT SHAHRI", "district": "Chilonzor tumani"}, "created_date": "2021-10-11T03:15:58.571", "user": 1}}, {"model": "ad.product", "pk": 10, "fields": {"title": "Under Armour", "slug": "under-armour", "category": 6, "price": 300, "decription": "<p>New collection&nbsp;&nbsp;Under Armour Curry</p>\r\n\r\n<p>This trainers&nbsp;will bring you many victories</p>", "phone_number": "+998902514509", "location": {"region": "TOSHKENT SHAHRI", "district": "Mirzo Ulug‘bek tumani"}, "created_date": "2021-10-11T03:26:35.648", "user": 1}}, {"model": "ad.product", "pk": 11, "fields": {"title": "Asics", "slug": "asics", "category": 6, "price": 250, "decription": "<p>New and technologycal trainers wait you in new season</p>", "phone_number": "+998940147088", "location": {"region": "TOSHKENT SHAHRI", "district": "Yakkasaroy tumani"}, "created_date": "2021-10-11T03:35:47.556", "user": 1}}, {"model": "ad.product", "pk": 12, "fields": {"title": "MacBook Pro", "slug": "macbook-pro", "category": 7, "price": 3000, "decription": "<ul>\r\n\t<li>Retina display</li>\r\n\t<li>15.4-inch (diagonal) LED-backlit display with IPS technology; 2880-by-1800 native resolution at 220 pixels</li>\r\n\t<li>2.3GHz 8-core Intel Core i9, Turbo Boost up to 4.8GHz, with 16MB shared L3 cache<br />\r\n\t<em>Configurable to 2.4GHz 8-core Intel Core i9, Turbo Boost up to 5.0GHz, with 16MB shared L3 cache</em></li>\r\n</ul>", "phone_number": "+998940147088", "location": {"region": "TOSHKENT SHAHRI", "district": "Sergeli tumani"}, "created_date": "2021-10-11T03:58:03.596", "user": 1}}, {"model": "ad.product", "pk": 13, "fields": {"title": "MacBook Air", "slug": "macbook-air", "category": 7, "price": 1400, "decription": "<ul style=\"margin-left:28px\">\r\n\t<li>13.3-inch (diagonal) LED-backlit display with IPS technology;&nbsp;2560 x 1600 native resolution at 227 pixels per inch with support for millions of colors</li>\r\n\t<li><strong>Apple M1 chip</strong><br />\r\n\t8-core CPU with 4 performance cores and 4 efficiency<br />\r\n\t7-core GPU, 8-core<br />\r\n\tNeural Engine 16-core&nbsp;GPU</li>\r\n</ul>", "phone_number": "+998940147088", "location": {"region": "TOSHKENT SHAHRI", "district": "Mirzo Ulug‘bek tumani"}, "created_date": "2021-10-11T04:06:35.416", "user": 1}}, {"model": "ad.product", "pk": 14, "fields": {"title": "Tesla Modal S", "slug": "tesla-modal-s", "category": 3, "price": 100000, "decription": "<p>blnsvn;vbngb</p>", "phone_number": "+998940147088", "location": {"region": "TOSHKENT SHAHRI", "district": "Mirobod tumani"}, "created_date": "2021-10-11T21:56:01.343", "user": 2}}, {"model": "ad.productimage", "pk": 1, "fields": {"image": 1, "product": 1}}, {"model": "ad.productimage", "pk": 2, "fields": {"image": 2, "product": 2}}, {"model": "ad.productimage", "pk": 3, "fields": {"image": 3, "product": 3}}, {"model": "ad.productimage", "pk": 5, "fields": {"image": 5, "product": 4}}, {"model": "ad.productimage", "pk": 6, "fields": {"image": 6, "product": 5}}, {"model": "ad.productimage", "pk": 7, "fields": {"image": 7, "product": 6}}, {"model": "ad.productimage", "pk": 8, "fields": {"image": 8, "product": 7}}, {"model": "ad.productimage", "pk": 9, "fields": {"image": 9, "product": 7}}, {"model": "ad.productimage", "pk": 11, "fields": {"image": 11, "product": 9}}, {"model": "ad.productimage", "pk": 12, "fields": {"image": 12, "product": 10}}, {"model": "ad.productimage", "pk": 13, "fields": {"image": 13, "product": 11}}, {"model": "ad.productimage", "pk": 14, "fields": {"image": 14, "product": 12}}, {"model": "ad.productimage", "pk": 15, "fields": {"image": 15, "product": 13}}, {"model": "ad.productimage", "pk": 16, "fields": {"image": 16, "product": 7}}, {"model": "ad.productimage", "pk": 17, "fields": {"image": 17, "product": 14}}, {"model": "blog.blog", "pk": 1, "fields": {"name": "My first blog", "description": "I have new  Iphone 13\r\nif you wanna buy it ,you know where you could do it", "slug": "my-first-blog", "image": "static/img/download_R2B8yFU.jpg", "created_date": "2021-10-08", "category": 2}}, {"model": "geo.region", "pk": 1, "fields": {"name_uz": "TOSHKENT SHAHRI", "name_ru": "TOSHKENT SHAHRI", "ordering": 1}}, {"model": "geo.region", "pk": 2, "fields": {"name_uz": "TOSHKENT VILOYATI", "name_ru": "TOSHKENT VILOYATI", "ordering": 2}}, {"model": "geo.region", "pk": 3, "fields": {"name_uz": "ANDIJON viloyati", "name_ru": "ANDIJON viloyati", "ordering": 3}}, {"model": "geo.region", "pk": 4, "fields": {"name_uz": "FARG‘ONA VILOYATI", "name_ru": "FARG‘ONA VILOYATI", "ordering": 4}}, {"model": "geo.region", "pk": 5, "fields": {"name_uz": "NAMANGAN VILOYATI", "name_ru": "NAMANGAN VILOYATI", "ordering": 5}}, {"model": "geo.region", "pk": 6, "fields": {"name_uz": "SIRDARYO VILOYATI", "name_ru": "SIRDARYO VILOYATI", "ordering": 6}}, {"model": "geo.region", "pk": 7, "fields": {"name_uz": "JIZZAX VILOYATI", "name_ru": "JIZZAX VILOYATI", "ordering": 7}}, {"model": "geo.region", "pk": 8, "fields": {"name_uz": "SAMARQAND VILOYATI", "name_ru": "SAMARQAND VILOYATI", "ordering": 8}}, {"model": "geo.region", "pk": 9, "fields": {"name_uz": "QASHQADARYO VILOYATI", "name_ru": "QASHQADARYO VILOYATI", "ordering": 9}}, {"model": "geo.region", "pk": 10, "fields": {"name_uz": "SURXONDARYO VILOYATI", "name_ru": "SURXONDARYO VILOYATI", "ordering": 10}}, {"model": "geo.region", "pk": 11, "fields": {"name_uz": "NAVOIY VILOYATI", "name_ru": "NAVOIY VILOYATI", "ordering": 11}}, {"model": "geo.region", "pk": 12, "fields": {"name_uz": "BUXORO VILOYATI", "name_ru": "BUXORO VILOYATI", "ordering": 12}}, {"model": "geo.region", "pk": 13, "fields": {"name_uz": "XORAZM VILOYATI", "name_ru": "XORAZM VILOYATI", "ordering": 13}}, {"model": "geo.region", "pk": 14, "fields": {"name_uz": "QORAQALPOG‘ISTON RESPUBLIKASI", "name_ru": "QORAQALPOG‘ISTON RESPUBLIKASI", "ordering": 14}}, {"model": "geo.district", "pk": 1, "fields": {"name_uz": "Bektemir tumani", "name_ru": "Bektemir tumani", "region": 1, "ordering": 1}}, {"model": "geo.district", "pk": 2, "fields": {"name_uz": "Mirobod tumani", "name_ru": "Mirobod tumani", "region": 1, "ordering": 2}}, {"model": "geo.district", "pk": 3, "fields": {"name_uz": "Mirzo Ulug‘bek tumani", "name_ru": "Mirzo Ulug‘bek tumani", "region": 1, "ordering": 3}}, {"model": "geo.district", "pk": 4, "fields": {"name_uz": "Olmazor tumani", "name_ru": "Olmazor tumani", "region": 1, "ordering": 4}}, {"model": "geo.district", "pk": 5, "fields": {"name_uz": "Sergeli tumani", "name_ru": "Sergeli tumani", "region": 1, "ordering": 4}}, {"model": "geo.district", "pk": 6, "fields": {"name_uz": "Uchtepa tumani", "name_ru": "Uchtepa tumani", "region": 1, "ordering": 6}}, {"model": "geo.district", "pk": 7, "fields": {"name_uz": "Yakkasaroy tumani", "name_ru": "Yakkasaroy tumani", "region": 1, "ordering": 7}}, {"model": "geo.district", "pk": 8, "fields": {"name_uz": "Yangi hayot tumani", "name_ru": "Yangi hayot tumani", "region": 1, "ordering": 8}}, {"model": "geo.district", "pk": 9, "fields": {"name_uz": "Yashnobod tumani", "name_ru": "Yashnobod tumani", "region": 1, "ordering": 9}}, {"model": "geo.district", "pk": 10, "fields": {"name_uz": "Yunusobod tumani", "name_ru": "Yunusobod tumani", "region": 1, "ordering": 10}}, {"model": "geo.district", "pk": 11, "fields": {"name_uz": "Chilonzor tumani", "name_ru": "Chilonzor tumani", "region": 1, "ordering": 11}}, {"model": "geo.district", "pk": 12, "fields": {"name_uz": "Shayxontohur tumani", "name_ru": "Shayxontohur tumani", "region": 1, "ordering": 12}}, {"model": "geo.district", "pk": 13, "fields": {"name_uz": "Nurafshon shahri", "name_ru": "Nurafshon shahri", "region": 2, "ordering": 1}}, {"model": "geo.district", "pk": 14, "fields": {"name_uz": "Angren shahri", "name_ru": "Angren shahri", "region": 2, "ordering": 2}}, {"model": "geo.district", "pk": 15, "fields": {"name_uz": "Bekobod shahri", "name_ru": "Bekobod shahri", "region": 2, "ordering": 3}}, {"model": "geo.district", "pk": 16, "fields": {"name_uz": "Ohangaron shahri", "name_ru": "Ohangaron shahri", "region": 2, "ordering": 4}}, {"model": "geo.district", "pk": 17, "fields": {"name_uz": "Olmaliq shahri", "name_ru": "Olmaliq shahri", "region": 2, "ordering": 5}}, {"model": "geo.district", "pk": 18, "fields": {"name_uz": "Chirchiq shahri", "name_ru": "Chirchiq shahri", "region": 2, "ordering": 6}}, {"model": "geo.district", "pk": 19, "fields": {"name_uz": "Yangiyo‘l shahri", "name_ru": "Yangiyo‘l shahri", "region": 2, "ordering": 7}}, {"model": "geo.district", "pk": 20, "fields": {"name_uz": "Bekobod tumani", "name_ru": "Bekobod tumani", "region": 2, "ordering": 8}}, {"model": "geo.district", "pk": 21, "fields": {"name_uz": "Bo‘stonliq tumani", "name_ru": "Bo‘stonliq tumani", "region": 2, "ordering": 9}}, {"model": "geo.district", "pk": 22, "fields": {"name_uz": "Bo‘ka tumani", "name_ru": "Bo‘ka tumani", "region": 2, "ordering": 10}}, {"model": "geo.district", "pk": 23, "fields": {"name_uz": "Zangiota tumani", "name_ru": "Zangiota tumani", "region": 2, "ordering": 11}}, {"model": "geo.district", "pk": 24, "fields": {"name_uz": "Ohangaron tumani", "name_ru": "Ohangaron tumani", "region": 2, "ordering": 12}}, {"model": "geo.district", "pk": 25, "fields": {"name_uz": "Oqqo‘rg‘on tumani", "name_ru": "Oqqo‘rg‘on tumani", "region": 2, "ordering": 13}}, {"model": "geo.district", "pk": 26, "fields": {"name_uz": "Parkent tumani", "name_ru": "Parkent tumani", "region": 2, "ordering": 14}}, {"model": "geo.district", "pk": 27, "fields": {"name_uz": "Pskent tumani", "name_ru": "Pskent tumani", "region": 2, "ordering": 15}}, {"model": "geo.district", "pk": 28, "fields": {"name_uz": "Qibray tumani", "name_ru": "Qibray tumani", "region": 2, "ordering": 16}}, {"model": "geo.district", "pk": 29, "fields": {"name_uz": "Quyi Chirchiq tumani", "name_ru": "Quyi Chirchiq tumani", "region": 2, "ordering": 17}}, {"model": "geo.district", "pk": 30, "fields": {"name_uz": "Toshkent tumani", "name_ru": "Toshkent tumani", "region": 2, "ordering": 18}}, {"model": "geo.district", "pk": 31, "fields": {"name_uz": "Yuqori Chirchiq tumani", "name_ru": "Yuqori Chirchiq tumani", "region": 2, "ordering": 19}}, {"model": "geo.district", "pk": 32, "fields": {"name_uz": "Yangiyo‘l tumani", "name_ru": "Yangiyo‘l tumani", "region": 2, "ordering": 20}}, {"model": "geo.district", "pk": 33, "fields": {"name_uz": "O‘rta Chirchiq tumani", "name_ru": "O‘rta Chirchiq tumani", "region": 2, "ordering": 21}}, {"model": "geo.district", "pk": 34, "fields": {"name_uz": "Chinoz tumani", "name_ru": "Chinoz tumani", "region": 2, "ordering": 22}}, {"model": "geo.district", "pk": 35, "fields": {"name_uz": "Andijon shahri", "name_ru": "Andijon shahri", "region": 3, "ordering": 1}}, {"model": "geo.district", "pk": 36, "fields": {"name_uz": "Xonobod shahri", "name_ru": "Xonobod shahri", "region": 3, "ordering": 2}}, {"model": "geo.district", "pk": 37, "fields": {"name_uz": "Andijon tumani", "name_ru": "Andijon tumani", "region": 3, "ordering": 3}}, {"model": "geo.district", "pk": 38, "fields": {"name_uz": "Asaka tumani", "name_ru": "Asaka tumani", "region": 3, "ordering": 4}}, {"model": "geo.district", "pk": 39, "fields": {"name_uz": "Baliqchi tumani", "name_ru": "Baliqchi tumani", "region": 3, "ordering": 5}}, {"model": "geo.district", "pk": 40, "fields": {"name_uz": "Buloqboshi tumani", "name_ru": "Buloqboshi tumani", "region": 3, "ordering": 6}}, {"model": "geo.district", "pk": 41, "fields": {"name_uz": "Bo‘ston tumani", "name_ru": "Bo‘ston tumani", "region": 3, "ordering": 7}}, {"model": "geo.district", "pk": 42, "fields": {"name_uz": "Jalaquduq tumani", "name_ru": "Jalaquduq tumani", "region": 3, "ordering": 8}}, {"model": "geo.district", "pk": 43, "fields": {"name_uz": "Izboskan tumani", "name_ru": "Izboskan tumani", "region": 3, "ordering": 9}}, {"model": "geo.district", "pk": 44, "fields": {"name_uz": "Marhamat tumani", "name_ru": "Marhamat tumani", "region": 3, "ordering": 10}}, {"model": "geo.district", "pk": 45, "fields": {"name_uz": "Oltinko‘l tumani", "name_ru": "Oltinko‘l tumani", "region": 3, "ordering": 11}}, {"model": "geo.district", "pk": 46, "fields": {"name_uz": "Paxtaobod tumani", "name_ru": "Paxtaobod tumani", "region": 3, "ordering": 12}}, {"model": "geo.district", "pk": 47, "fields": {"name_uz": "Qo‘rg‘ontepa tumani", "name_ru": "Qo‘rg‘ontepa tumani", "region": 3, "ordering": 13}}, {"model": "geo.district", "pk": 48, "fields": {"name_uz": "Ulug‘nor tumani", "name_ru": "Ulug‘nor tumani", "region": 3, "ordering": 14}}, {"model": "geo.district", "pk": 49, "fields": {"name_uz": "Xo‘jaobod tumani", "name_ru": "Xo‘jaobod tumani", "region": 3, "ordering": 15}}, {"model": "geo.district", "pk": 50, "fields": {"name_uz": "Shahrixon tumani", "name_ru": "Shahrixon tumani", "region": 3, "ordering": 16}}, {"model": "geo.district", "pk": 51, "fields": {"name_uz": "Farg‘ona shahri", "name_ru": "Farg‘ona shahri", "region": 4, "ordering": 1}}, {"model": "geo.district", "pk": 52, "fields": {"name_uz": "Marg‘ilon shahri", "name_ru": "Marg‘ilon shahri", "region": 4, "ordering": 2}}, {"model": "geo.district", "pk": 53, "fields": {"name_uz": "Quvasoy shahri", "name_ru": "Quvasoy shahri", "region": 4, "ordering": 3}}, {"model": "geo.district", "pk": 54, "fields": {"name_uz": "Qo‘qon shahri", "name_ru": "Qo‘qon shahri", "region": 4, "ordering": 4}}, {"model": "geo.district", "pk": 55, "fields": {"name_uz": "Oltiariq tumani", "name_ru": "Oltiariq tumani", "region": 4, "ordering": 5}}, {"model": "geo.district", "pk": 56, "fields": {"name_uz": "Bog‘dod tumani", "name_ru": "Bog‘dod tumani", "region": 4, "ordering": 6}}, {"model": "geo.district", "pk": 57, "fields": {"name_uz": "Beshariq tumani", "name_ru": "Beshariq tumani", "region": 4, "ordering": 7}}, {"model": "geo.district", "pk": 58, "fields": {"name_uz": "Buvayda tumani", "name_ru": "Buvayda tumani", "region": 4, "ordering": 8}}, {"model": "geo.district", "pk": 59, "fields": {"name_uz": "Dang‘ara tumani", "name_ru": "Dang‘ara tumani", "region": 4, "ordering": 9}}, {"model": "geo.district", "pk": 60, "fields": {"name_uz": "Farg‘ona tumani", "name_ru": "Farg‘ona tumani", "region": 4, "ordering": 10}}, {"model": "geo.district", "pk": 61, "fields": {"name_uz": "Furqat tumani", "name_ru": "Furqat tumani", "region": 4, "ordering": 11}}, {"model": "geo.district", "pk": 62, "fields": {"name_uz": "Qo‘shtepa tumani", "name_ru": "Qo‘shtepa tumani", "region": 4, "ordering": 12}}, {"model": "geo.district", "pk": 63, "fields": {"name_uz": "Quva tumani", "name_ru": "Quva tumani", "region": 4, "ordering": 13}}, {"model": "geo.district", "pk": 64, "fields": {"name_uz": "Rishton tumani", "name_ru": "Rishton tumani", "region": 4, "ordering": 14}}, {"model": "geo.district", "pk": 65, "fields": {"name_uz": "So‘x tumani", "name_ru": "So‘x tumani", "region": 4, "ordering": 15}}, {"model": "geo.district", "pk": 66, "fields": {"name_uz": "Toshloq tumani", "name_ru": "Toshloq tumani", "region": 4, "ordering": 16}}, {"model": "geo.district", "pk": 67, "fields": {"name_uz": "Uchko‘prik tumani", "name_ru": "Uchko‘prik tumani", "region": 4, "ordering": 17}}, {"model": "geo.district", "pk": 68, "fields": {"name_uz": "Yozyovon tumani", "name_ru": "Yozyovon tumani", "region": 4, "ordering": 18}}, {"model": "geo.district", "pk": 69, "fields": {"name_uz": "O‘zbekiston tumani", "name_ru": "O‘zbekiston tumani", "region": 4, "ordering": 19}}, {"model": "geo.district", "pk": 70, "fields": {"name_uz": "Namangan shahri", "name_ru": "Namangan shahri", "region": 5, "ordering": 1}}, {"model": "geo.district", "pk": 71, "fields": {"name_uz": "Mingbuloq tumani", "name_ru": "Mingbuloq tumani", "region": 5, "ordering": 2}}, {"model": "geo.district", "pk": 72, "fields": {"name_uz": "Kosonsoy tumani", "name_ru": "Kosonsoy tumani", "region": 5, "ordering": 3}}, {"model": "geo.district", "pk": 73, "fields": {"name_uz": "Namangan tumani", "name_ru": "Namangan tumani", "region": 5, "ordering": 4}}, {"model": "geo.district", "pk": 74, "fields": {"name_uz": "Norin tumani", "name_ru": "Norin tumani", "region": 5, "ordering": 5}}, {"model": "geo.district", "pk": 75, "fields": {"name_uz": "Pop tumani", "name_ru": "Pop tumani", "region": 5, "ordering": 6}}, {"model": "geo.district", "pk": 76, "fields": {"name_uz": "To‘raqo‘rg‘on tumani", "name_ru": "To‘raqo‘rg‘on tumani", "region": 5, "ordering": 7}}, {"model": "geo.district", "pk": 77, "fields": {"name_uz": "Uychi tumani", "name_ru": "Uychi tumani", "region": 5, "ordering": 8}}, {"model": "geo.district", "pk": 78, "fields": {"name_uz": "Uchqo‘rg‘on tumani", "name_ru": "Uchqo‘rg‘on tumani", "region": 5, "ordering": 9}}, {"model": "geo.district", "pk": 79, "fields": {"name_uz": "Chortoq tumani", "name_ru": "Chortoq tumani", "region": 5, "ordering": 10}}, {"model": "geo.district", "pk": 80, "fields": {"name_uz": "Chust tumani", "name_ru": "Chust tumani", "region": 5, "ordering": 11}}, {"model": "geo.district", "pk": 81, "fields": {"name_uz": "Yangiqorg‘on tumani", "name_ru": "Yangiqorg‘on tumani", "region": 5, "ordering": 12}}, {"model": "geo.district", "pk": 82, "fields": {"name_uz": "Guliston shahri", "name_ru": "Guliston shahri", "region": 6, "ordering": 1}}, {"model": "geo.district", "pk": 83, "fields": {"name_uz": "Shirin shahri", "name_ru": "Shirin shahri", "region": 6, "ordering": 2}}, {"model": "geo.district", "pk": 84, "fields": {"name_uz": "Yangiyer shahri", "name_ru": "Yangiyer shahri", "region": 6, "ordering": 3}}, {"model": "geo.district", "pk": 85, "fields": {"name_uz": "Boyovut tumani", "name_ru": "Boyovut tumani", "region": 6, "ordering": 4}}, {"model": "geo.district", "pk": 86, "fields": {"name_uz": "Guliston tumani", "name_ru": "Guliston tumani", "region": 6, "ordering": 5}}, {"model": "geo.district", "pk": 87, "fields": {"name_uz": "Mirzaobod tumani", "name_ru": "Mirzaobod tumani", "region": 6, "ordering": 6}}, {"model": "geo.district", "pk": 88, "fields": {"name_uz": "Oqoltin tumani", "name_ru": "Oqoltin tumani", "region": 6, "ordering": 7}}, {"model": "geo.district", "pk": 89, "fields": {"name_uz": "Sardoba tumani", "name_ru": "Sardoba tumani", "region": 6, "ordering": 8}}, {"model": "geo.district", "pk": 90, "fields": {"name_uz": "Sayxunobod tumani", "name_ru": "Sayxunobod tumani", "region": 6, "ordering": 8}}, {"model": "geo.district", "pk": 91, "fields": {"name_uz": "Sirdaryo tumani", "name_ru": "Sirdaryo tumani", "region": 6, "ordering": 9}}, {"model": "geo.district", "pk": 92, "fields": {"name_uz": "Xovos tumani", "name_ru": "Xovos tumani", "region": 6, "ordering": 10}}, {"model": "geo.district", "pk": 93, "fields": {"name_uz": "Jizzax shahri", "name_ru": "Jizzax shahri", "region": 7, "ordering": 1}}, {"model": "geo.district", "pk": 94, "fields": {"name_uz": "Arnasoy tumani", "name_ru": "Arnasoy tumani", "region": 7, "ordering": 2}}, {"model": "geo.district", "pk": 95, "fields": {"name_uz": "Baxmal tumani", "name_ru": "Baxmal tumani", "region": 7, "ordering": 3}}, {"model": "geo.district", "pk": 96, "fields": {"name_uz": "Do‘stlik tumani", "name_ru": "Do‘stlik tumani", "region": 7, "ordering": 4}}, {"model": "geo.district", "pk": 97, "fields": {"name_uz": "Forish tumani", "name_ru": "Forish tumani", "region": 7, "ordering": 5}}, {"model": "geo.district", "pk": 98, "fields": {"name_uz": "Mirzacho‘l tumani", "name_ru": "Mirzacho‘l tumani", "region": 7, "ordering": 6}}, {"model": "geo.district", "pk": 99, "fields": {"name_uz": "Paxtakor tumani", "name_ru": "Paxtakor tumani", "region": 7, "ordering": 7}}, {"model": "geo.district", "pk": 100, "fields": {"name_uz": "Yangiobod tumani", "name_ru": "Yangiobod tumani", "region": 7, "ordering": 8}}, {"model": "geo.district", "pk": 101, "fields": {"name_uz": "Zomin tumani", "name_ru": "Zomin tumani", "region": 7, "ordering": 9}}, {"model": "geo.district", "pk": 102, "fields": {"name_uz": "Zafarobod tumani", "name_ru": "Zafarobod tumani", "region": 7, "ordering": 10}}, {"model": "geo.district", "pk": 103, "fields": {"name_uz": "Zarbdor tumani", "name_ru": "Zarbdor tumani", "region": 7, "ordering": 11}}, {"model": "geo.district", "pk": 104, "fields": {"name_uz": "Sharof Rashidov tumani", "name_ru": "Sharof Rashidov tumani", "region": 7, "ordering": 12}}, {"model": "geo.district", "pk": 105, "fields": {"name_uz": "G‘allaorol tumani", "name_ru": "G‘allaorol tumani", "region": 7, "ordering": 13}}, {"model": "geo.district", "pk": 106, "fields": {"name_uz": "Samarqand shahri", "name_ru": "Samarqand shahri", "region": 8, "ordering": 1}}, {"model": "geo.district", "pk": 107, "fields": {"name_uz": "Kattaqo‘rg‘on shahri", "name_ru": "Kattaqo‘rg‘on shahri", "region": 6, "ordering": 2}}, {"model": "geo.district", "pk": 108, "fields": {"name_uz": "Bulung‘ur tumani", "name_ru": "Bulung‘ur tumani", "region": 8, "ordering": 3}}, {"model": "geo.district", "pk": 109, "fields": {"name_uz": "Ishtixon tumani", "name_ru": "Ishtixon tumani", "region": 8, "ordering": 4}}, {"model": "geo.district", "pk": 110, "fields": {"name_uz": "Jomboy tumani", "name_ru": "Jomboy tumani", "region": 8, "ordering": 5}}, {"model": "geo.district", "pk": 111, "fields": {"name_uz": "Kattaqo‘rg‘on tumani", "name_ru": "Kattaqo‘rg‘on tumani", "region": 8, "ordering": 6}}, {"model": "geo.district", "pk": 112, "fields": {"name_uz": "Qo‘shrabot tumani", "name_ru": "Qo‘shrabot tumani", "region": 8, "ordering": 7}}, {"model": "geo.district", "pk": 113, "fields": {"name_uz": "Narpay tumani", "name_ru": "Narpay tumani", "region": 8, "ordering": 8}}, {"model": "geo.district", "pk": 114, "fields": {"name_uz": "Nurobod tumani", "name_ru": "Nurobod tumani", "region": 8, "ordering": 9}}, {"model": "geo.district", "pk": 115, "fields": {"name_uz": "Oqdaryo tumani", "name_ru": "Oqdaryo tumani", "region": 8, "ordering": 10}}, {"model": "geo.district", "pk": 116, "fields": {"name_uz": "Paxtachi tumani", "name_ru": "Paxtachi tumani", "region": 8, "ordering": 11}}, {"model": "geo.district", "pk": 117, "fields": {"name_uz": "Payariq tumani", "name_ru": "Payariq tumani", "region": 8, "ordering": 12}}, {"model": "geo.district", "pk": 118, "fields": {"name_uz": "Past Darg‘om tumani", "name_ru": "Past Darg‘om tumani", "region": 8, "ordering": 13}}, {"model": "geo.district", "pk": 119, "fields": {"name_uz": "Samarqand tumani", "name_ru": "Samarqand tumani", "region": 8, "ordering": 14}}, {"model": "geo.district", "pk": 120, "fields": {"name_uz": "Toyloq tumani", "name_ru": "Toyloq tumani", "region": 8, "ordering": 15}}, {"model": "geo.district", "pk": 121, "fields": {"name_uz": "Urgut tumani", "name_ru": "Urgut tumani", "region": 8, "ordering": 16}}, {"model": "geo.district", "pk": 122, "fields": {"name_uz": "Qarshi shahri", "name_ru": "Qarshi shahri", "region": 9, "ordering": 1}}, {"model": "geo.district", "pk": 123, "fields": {"name_uz": "Shahrisabz shahri", "name_ru": "Shahrisabz shahri", "region": 9, "ordering": 1}}, {"model": "geo.district", "pk": 124, "fields": {"name_uz": "Chiroqchi tumani", "name_ru": "Chiroqchi tumani", "region": 9, "ordering": 3}}, {"model": "geo.district", "pk": 125, "fields": {"name_uz": "Dehqonobod tumani", "name_ru": "Dehqonobod tumani", "region": 9, "ordering": 4}}, {"model": "geo.district", "pk": 126, "fields": {"name_uz": "G‘uzor tumani", "name_ru": "G‘uzor tumani", "region": 9, "ordering": 5}}, {"model": "geo.district", "pk": 127, "fields": {"name_uz": "Qamashi tumani", "name_ru": "Qamashi tumani", "region": 9, "ordering": 6}}, {"model": "geo.district", "pk": 128, "fields": {"name_uz": "Qarshi tumani", "name_ru": "Qarshi tumani", "region": 9, "ordering": 7}}, {"model": "geo.district", "pk": 129, "fields": {"name_uz": "Koson tumani", "name_ru": "Koson tumani", "region": 9, "ordering": 8}}, {"model": "geo.district", "pk": 130, "fields": {"name_uz": "Kasbi tumani", "name_ru": "Kasbi tumani", "region": 9, "ordering": 9}}, {"model": "geo.district", "pk": 131, "fields": {"name_uz": "Kitob tumani", "name_ru": "Kitob tumani", "region": 9, "ordering": 10}}, {"model": "geo.district", "pk": 132, "fields": {"name_uz": "Mirishkor tumani", "name_ru": "Mirishkor tumani", "region": 9, "ordering": 11}}, {"model": "geo.district", "pk": 133, "fields": {"name_uz": "Muborak tumani", "name_ru": "Muborak tumani", "region": 9, "ordering": 12}}, {"model": "geo.district", "pk": 134, "fields": {"name_uz": "Nishon tumani", "name_ru": "Nishon tumani", "region": 9, "ordering": 13}}, {"model": "geo.district", "pk": 135, "fields": {"name_uz": "Shahrisabz tumani", "name_ru": "Shahrisabz tumani", "region": 9, "ordering": 14}}, {"model": "geo.district", "pk": 136, "fields": {"name_uz": "Yakkabog‘ tumani", "name_ru": "Yakkabog‘ tumani", "region": 9, "ordering": 15}}, {"model": "geo.district", "pk": 137, "fields": {"name_uz": "Termiz shahri", "name_ru": "Termiz shahri", "region": 10, "ordering": 1}}, {"model": "geo.district", "pk": 138, "fields": {"name_uz": "Denov shahri", "name_ru": "Denov shahri", "region": 10, "ordering": 2}}, {"model": "geo.district", "pk": 139, "fields": {"name_uz": "Sharg‘un shahri", "name_ru": "Sharg‘un shahri", "region": 10, "ordering": 3}}, {"model": "geo.district", "pk": 140, "fields": {"name_uz": "Angor tumani", "name_ru": "Angor tumani", "region": 10, "ordering": 4}}, {"model": "geo.district", "pk": 141, "fields": {"name_uz": "Bandixon tumani", "name_ru": "Bandixon tumani", "region": 10, "ordering": 5}}, {"model": "geo.district", "pk": 142, "fields": {"name_uz": "Boysun tumani", "name_ru": "Boysun tumani", "region": 10, "ordering": 6}}, {"model": "geo.district", "pk": 143, "fields": {"name_uz": "Denov tumani", "name_ru": "Denov tumani", "region": 10, "ordering": 7}}, {"model": "geo.district", "pk": 144, "fields": {"name_uz": "Jarqo‘rg‘on tumani", "name_ru": "Jarqo‘rg‘on tumani", "region": 10, "ordering": 8}}, {"model": "geo.district", "pk": 145, "fields": {"name_uz": "Muzrabot tumani", "name_ru": "Muzrabot tumani", "region": 10, "ordering": 9}}, {"model": "geo.district", "pk": 146, "fields": {"name_uz": "Oltinsoy tumani", "name_ru": "Oltinsoy tumani", "region": 10, "ordering": 10}}, {"model": "geo.district", "pk": 147, "fields": {"name_uz": "Qiziriq tumani", "name_ru": "Qiziriq tumani", "region": 10, "ordering": 11}}, {"model": "geo.district", "pk": 148, "fields": {"name_uz": "Qumqo‘rg‘on tumani", "name_ru": "Qumqo‘rg‘on tumani", "region": 10, "ordering": 12}}, {"model": "geo.district", "pk": 149, "fields": {"name_uz": "Sariosiyo tumani", "name_ru": "Sariosiyo tumani", "region": 10, "ordering": 13}}, {"model": "geo.district", "pk": 150, "fields": {"name_uz": "Termiz tumani", "name_ru": "Termiz tumani", "region": 10, "ordering": 14}}, {"model": "geo.district", "pk": 151, "fields": {"name_uz": "Uzun tumani", "name_ru": "Uzun tumani", "region": 10, "ordering": 15}}, {"model": "geo.district", "pk": 152, "fields": {"name_uz": "Sherobod tumani", "name_ru": "Sherobod tumani", "region": 10, "ordering": 16}}, {"model": "geo.district", "pk": 153, "fields": {"name_uz": "Sho‘rchi tumani", "name_ru": "Sho‘rchi tumani", "region": 10, "ordering": 17}}, {"model": "geo.district", "pk": 154, "fields": {"name_uz": "Navoiy shahri", "name_ru": "Navoiy shahri", "region": 11, "ordering": 1}}, {"model": "geo.district", "pk": 155, "fields": {"name_uz": "Zarafshon shahri", "name_ru": "Zarafshon shahri", "region": 11, "ordering": 2}}, {"model": "geo.district", "pk": 156, "fields": {"name_uz": "Konimex tumani", "name_ru": "Konimex tumani", "region": 11, "ordering": 3}}, {"model": "geo.district", "pk": 157, "fields": {"name_uz": "Karmana tumani", "name_ru": "Karmana tumani", "region": 11, "ordering": 4}}, {"model": "geo.district", "pk": 158, "fields": {"name_uz": "Qiziltepa tumani", "name_ru": "Qiziltepa tumani", "region": 11, "ordering": 5}}, {"model": "geo.district", "pk": 159, "fields": {"name_uz": "Navbahor tumani", "name_ru": "Navbahor tumani", "region": 11, "ordering": 6}}, {"model": "geo.district", "pk": 160, "fields": {"name_uz": "Nurota tumani", "name_ru": "Nurota tumani", "region": 11, "ordering": 7}}, {"model": "geo.district", "pk": 161, "fields": {"name_uz": "Tomdi tumani", "name_ru": "Tomdi tumani", "region": 11, "ordering": 8}}, {"model": "geo.district", "pk": 162, "fields": {"name_uz": "Uchquduq tumani", "name_ru": "Uchquduq tumani", "region": 11, "ordering": 9}}, {"model": "geo.district", "pk": 163, "fields": {"name_uz": "Xatirchi tumani", "name_ru": "Xatirchi tumani", "region": 11, "ordering": 10}}, {"model": "geo.district", "pk": 164, "fields": {"name_uz": "Buxoro shahri", "name_ru": "Buxoro shahri", "region": 12, "ordering": 1}}, {"model": "geo.district", "pk": 165, "fields": {"name_uz": "Buxoro tumani", "name_ru": "Buxoro tumani", "region": 12, "ordering": 2}}, {"model": "geo.district", "pk": 166, "fields": {"name_uz": "Jondor tumani", "name_ru": "Jondor tumani", "region": 12, "ordering": 3}}, {"model": "geo.district", "pk": 167, "fields": {"name_uz": "Kogon tumani", "name_ru": "Kogon tumani", "region": 12, "ordering": 4}}, {"model": "geo.district", "pk": 168, "fields": {"name_uz": "Olot tumani", "name_ru": "Olot tumani", "region": 12, "ordering": 5}}, {"model": "geo.district", "pk": 169, "fields": {"name_uz": "Peshko‘ tumani", "name_ru": "Peshko‘ tumani", "region": 12, "ordering": 6}}, {"model": "geo.district", "pk": 170, "fields": {"name_uz": "Qorako‘l tumani", "name_ru": "Qorako‘l tumani", "region": 12, "ordering": 7}}, {"model": "geo.district", "pk": 171, "fields": {"name_uz": "Qorovulbozor tumani", "name_ru": "Qorovulbozor tumani", "region": 12, "ordering": 8}}, {"model": "geo.district", "pk": 172, "fields": {"name_uz": "Romitan tumani", "name_ru": "Romitan tumani", "region": 12, "ordering": 9}}, {"model": "geo.district", "pk": 173, "fields": {"name_uz": "Vobkent tumani", "name_ru": "Vobkent tumani", "region": 12, "ordering": 10}}, {"model": "geo.district", "pk": 174, "fields": {"name_uz": "Shofirkon tumani", "name_ru": "Shofirkon tumani", "region": 12, "ordering": 11}}, {"model": "geo.district", "pk": 175, "fields": {"name_uz": "G‘ijduvon tumani", "name_ru": "G‘ijduvon tumani", "region": 12, "ordering": 12}}, {"model": "geo.district", "pk": 176, "fields": {"name_uz": "Urganch shahri", "name_ru": "Urganch shahri", "region": 13, "ordering": 1}}, {"model": "geo.district", "pk": 177, "fields": {"name_uz": "Xiva shahri", "name_ru": "Xiva shahri", "region": 13, "ordering": 2}}, {"model": "geo.district", "pk": 178, "fields": {"name_uz": "Bog‘ot tumani", "name_ru": "Bog‘ot tumani", "region": 13, "ordering": 3}}, {"model": "geo.district", "pk": 179, "fields": {"name_uz": "Gurlan tumani", "name_ru": "Gurlan tumani", "region": 13, "ordering": 4}}, {"model": "geo.district", "pk": 180, "fields": {"name_uz": "Urganch tumani", "name_ru": "Urganch tumani", "region": 13, "ordering": 5}}, {"model": "geo.district", "pk": 181, "fields": {"name_uz": "Hazorasp tumani", "name_ru": "Hazorasp tumani", "region": 13, "ordering": 6}}, {"model": "geo.district", "pk": 182, "fields": {"name_uz": "Qo‘shko‘pir tumani", "name_ru": "Qo‘shko‘pir tumani", "region": 13, "ordering": 7}}, {"model": "geo.district", "pk": 183, "fields": {"name_uz": "Tuproqqal’a tumani", "name_ru": "Tuproqqal’a tumani", "region": 13, "ordering": 8}}, {"model": "geo.district", "pk": 184, "fields": {"name_uz": "Xonqa tumani", "name_ru": "Xonqa tumani", "region": 13, "ordering": 9}}, {"model": "geo.district", "pk": 185, "fields": {"name_uz": "Xiva tumani", "name_ru": "Xiva tumani", "region": 13, "ordering": 10}}, {"model": "geo.district", "pk": 186, "fields": {"name_uz": "Yangiariq tumani", "name_ru": "Yangiariq tumani", "region": 13, "ordering": 11}}, {"model": "geo.district", "pk": 187, "fields": {"name_uz": "Yangibozor tumani", "name_ru": "Yangibozor tumani", "region": 13, "ordering": 12}}, {"model": "geo.district", "pk": 188, "fields": {"name_uz": "Shovot tumani", "name_ru": "Shovot tumani", "region": 13, "ordering": 13}}, {"model": "geo.district", "pk": 189, "fields": {"name_uz": "Nókis qalası", "name_ru": "Nókis qalası", "region": 14, "ordering": 1}}, {"model": "geo.district", "pk": 190, "fields": {"name_uz": "Ámiwdárya rayonı", "name_ru": "Ámiwdárya rayonı", "region": 14, "ordering": 2}}, {"model": "geo.district", "pk": 191, "fields": {"name_uz": "Beruniy rayonı", "name_ru": "Beruniy rayonı", "region": 14, "ordering": 3}}, {"model": "geo.district", "pk": 192, "fields": {"name_uz": "Bozataw rayonı", "name_ru": "Bozataw rayonı", "region": 14, "ordering": 4}}, {"model": "geo.district", "pk": 193, "fields": {"name_uz": "Ellikqala rayonı", "name_ru": "Ellikqala rayonı", "region": 14, "ordering": 5}}, {"model": "geo.district", "pk": 194, "fields": {"name_uz": "Moynaq rayonı", "name_ru": "Moynaq rayonı", "region": 14, "ordering": 6}}, {"model": "geo.district", "pk": 195, "fields": {"name_uz": "Nókis rayonı", "name_ru": "Nókis rayonı", "region": 14, "ordering": 7}}, {"model": "geo.district", "pk": 196, "fields": {"name_uz": "Qanlıkól rayonı", "name_ru": "Qanlıkól rayonı", "region": 14, "ordering": 8}}, {"model": "geo.district", "pk": 197, "fields": {"name_uz": "Qaraózek rayonı", "name_ru": "Qaraózek rayonı", "region": 14, "ordering": 9}}, {"model": "geo.district", "pk": 198, "fields": {"name_uz": "Qońırat rayonı", "name_ru": "Qońırat rayonı", "region": 14, "ordering": 10}}, {"model": "geo.district", "pk": 199, "fields": {"name_uz": "Taqıyatas rayonı", "name_ru": "Taqıyatas rayonı", "region": 14, "ordering": 11}}, {"model": "geo.district", "pk": 200, "fields": {"name_uz": "Taxtakópir rayonı", "name_ru": "Taxtakópir rayonı", "region": 14, "ordering": 12}}, {"model": "geo.district", "pk": 201, "fields": {"name_uz": "Tórtkúl rayonı", "name_ru": "Tórtkúl rayonı", "region": 14, "ordering": 13}}, {"model": "geo.district", "pk": 202, "fields": {"name_uz": "Xojeli rayonı", "name_ru": "Xojeli rayonı", "region": 14, "ordering": 14}}, {"model": "geo.district", "pk": 203, "fields": {"name_uz": "Shımbay rayonı", "name_ru": "Shımbay rayonı", "region": 14, "ordering": 15}}, {"model": "geo.district", "pk": 204, "fields": {"name_uz": "Shomanay rayonı", "name_ru": "Shomanay rayonı", "region": 14, "ordering": 16}}]